"Date","pricebitcoin","marketbitcoin","priceethereum","marketethereum","pricelitecoin","marketlitecoin","priceneo","marketneo","pricestellar","marketstellar","priceeos","marketeos","pricechainlink","marketchainlink"
2018-02-12,8926.57,137258000000,868.71,79754400000,161.57,8282050000,113.25,6771600000,0.395649,6897000000,9.18,5609460000,0.490282,146139000
2018-02-11,8129.97,145245000000,814.66,83813000000,148.99,8571530000,103.4,7179000000,0.370005,7494820000,8.41,6007740000,0.416157,146901000
2018-02-10,8621.9,146981000000,860.41,86055600000,155.59,9015890000,110.63,7618880000,0.406856,7344120000,9.1,6334330000,0.419874,152426000
2018-02-09,8736.98,139412000000,883.87,79799300000,163.95,8254980000,117.57,7279310000,0.401068,6648690000,9.65,5584730000,0.435194,144210000
2018-02-08,8265.59,128714000000,817.81,73676900000,149.47,7624630000,112.43,6763560000,0.363565,6357810000,8.51,5019680000,0.41108,131433000
2018-02-07,7621.3,130683000000,757.07,77032000000,138.2,7851100000,102.5,6833700000,0.342125,6800610000,7.61,5439430000,0.376771,149035000
2018-02-06,7754,118810000000,793.12,68958700000,142.99,7024630000,105.95,5464510000,0.370811,6208170000,8.34,4659180000,0.425248,120298000
2018-02-05,6955.27,139325000000,697.95,81337400000,125.33,8190580000,82.37,6992380000,0.331192,7064590000,7.06,5618380000,0.341506,150555000
2018-02-04,8277.01,154553000000,834.68,93953400000,148.03,8829970000,107.45,7943970000,0.377231,7851160000,8.61,6306870000,0.434371,181514000
2018-02-03,9174.91,149085000000,964.02,89507600000,160.25,7232410000,122.97,7867210000,0.430056,7482160000,9.84,6290740000,0.518558,175041000
2018-02-02,8830.75,153953000000,915.78,100836000000,131.38,7844710000,120.13,8166710000,0.405075,8387820000,9.79,6528440000,0.494574,181454000
2018-02-01,9170.54,172372000000,1036.79,108952000000,142.3,9004330000,126,9487200000,0.456455,9967480000,10.21,7826060000,0.520347,216986000
2018-01-31,10221.1,170183000000,1118.31,104231000000,163.35,9090870000,145.76,9451090000,0.539797,8732980000,12.2,7309740000,0.620146,209605000
2018-01-30,10106.3,190339000000,1071.13,115207000000,165.28,9976170000,146.28,10976100000,0.489648,10557100000,11.56,8918290000,0.596778,245002000
2018-01-29,11296.4,197871000000,1182.36,121269000000,181.66,10649800000,168.14,9885260000,0.589283,11303400000,14.01,9524430000,0.697712,264879000
2018-01-28,11786.3,193133000000,1246.01,108122000000,193.87,9969420000,152.16,9124100000,0.634421,11005200000,15.02,9057850000,0.760601,276335000
2018-01-27,11440.7,188054000000,1107.07,102651000000,180.89,9705020000,140.2,8979150000,0.613061,11283600000,14.27,9027390000,0.780675,248836000
2018-01-26,11171.4,189398000000,1055.17,102334000000,176.73,9875590000,137.89,8953600000,0.633916,10759400000,14.34,8958130000,0.709853,264884000
2018-01-25,11259.4,192163000000,1056.03,103335000000,180.27,9968750000,138,8976150000,0.608253,10146600000,14.31,8734500000,0.760437,280134000
2018-01-24,11359.4,183419000000,1058.78,95952700000,179.99,9793780000,136.41,7966980000,0.567014,8693050000,13.83,8112750000,0.792863,279597000
2018-01-23,10868.4,184087000000,986.23,97554300000,177.81,9892990000,121.6,8018770000,0.486185,8487840000,12.97,8432510000,0.801917,280782000
2018-01-22,10931.4,195645000000,1003.26,102504000000,180.01,10521900000,123.66,8599480000,0.486338,8336150000,13.66,8385480000,0.802858,317028000
2018-01-21,11600.1,216740000000,1049.58,112226000000,190.42,11585700000,131.09,9764800000,0.464117,9560800000,13.44,9666480000,0.887828,418474000
2018-01-20,12899.2,195979000000,1155.15,101451000000,211.02,10658300000,149.94,9132020000,0.534677,9123480000,15.52,6920580000,1.22,287236000
2018-01-19,11607.4,192150000000,1039.1,99863900000,192.96,10480800000,139.5,9181130000,0.506232,9005680000,11.18,6365040000,0.812905,258709000
2018-01-18,11474.9,188242000000,1036.28,98642100000,192.84,10245500000,142.66,9269200000,0.509523,8579040000,10.51,6230180000,0.74423,245859000
2018-01-17,11188.6,192123000000,1014.25,102974000000,186.52,10417800000,141.37,9407150000,0.477187,7906720000,10.19,6209050000,0.698634,263146000
2018-01-16,11490.5,232517000000,1053.69,125389000000,188.33,12752100000,145.3,12217900000,0.441197,10736400000,10.28,7857840000,0.756453,308620000
2018-01-15,13819.8,231334000000,1291.92,132404000000,232.77,12993700000,187.41,11056500000,0.599271,11190600000,12.94,8110090000,0.877688,352434000
2018-01-14,13772,241447000000,1366.77,135503000000,238.68,14265000000,170.42,9136460000,0.630856,12025900000,13.44,9718770000,1.01,387253000
2018-01-13,14360.2,234391000000,1396.42,123163000000,259.19,12964300000,140.62,8069500000,0.671564,12198400000,16.23,8336870000,1.1,368709000
2018-01-12,13980.6,225986000000,1273.2,112263000000,236.86,12572900000,124.47,7097050000,0.67796,9998070000,13.75,6804430000,1.05,360412000
2018-01-11,13405.8,251387000000,1154.93,122879000000,229.37,13758400000,108.3,8001780000,0.558126,10084400000,11.35,6741700000,1.01,414294000
2018-01-10,14973.3,244981000000,1255.82,125976000000,250.52,13566300000,122.99,8270280000,0.56693,10523600000,11.34,5534140000,1.19,433396000
2018-01-09,14595.4,253935000000,1299.74,110999000000,247.04,13920200000,126.94,6634310000,0.585653,11229100000,9.33,5711470000,1.23,482408000
2018-01-08,15170.1,276612000000,1148.53,112164000000,255.76,15726800000,102.38,6638000000,0.629323,12442100000,9.69,7367780000,1.38,445086000
2018-01-07,16477.6,294222000000,1153.17,100981000000,288.45,16178100000,102.43,6572870000,0.699645,12688400000,12.52,7495320000,1.27,380912000
2018-01-06,17527,293091000000,1041.68,96326500000,296.45,13645300000,100.86,6195060000,0.709945,11854000000,12.58,6324240000,1.06,337679000
2018-01-05,17429.5,259748000000,997.72,94423900000,249.27,13164800000,95.28,6429220000,0.662712,13219400000,10.84,6549910000,0.907486,335557000
2018-01-04,15599.2,256250000000,980.92,93049400000,241.37,13403400000,99.11,6811420000,0.72405,15953600000,11.28,6076410000,0.984368,238033000
2018-01-03,15201,251312000000,962.72,85703500000,245.37,13957800000,105.56,5869250000,0.896227,10059800000,10.23,5394840000,0.681167,234430000
2018-01-02,14982.1,228579000000,884.44,74695700000,255.68,12496900000,90.33,5104180000,0.564766,8873700000,9.33,5144580000,0.673712,255179000
2018-01-01,13657.2,236725000000,772.64,73075800000,229.03,12639700000,78.82,4952450000,0.480008,6436760000,8.84,5041600000,0.733563,210145000
2017-12-31,14156.4,216326000000,756.73,68850800000,232.1,11835100000,75.96,4716090000,0.360756,5676400000,8.77,4876510000,0.601552,195583000
2017-12-30,12952.2,246224000000,717.26,72856900000,218.96,13364800000,72.4,4821840000,0.323202,5651880000,8.56,5402020000,0.586128,170801000
2017-12-29,14656.2,246428000000,753.59,71544300000,245.5,13648200000,73.9,4270520000,0.322941,3996450000,9.44,5459440000,0.486348,177856000
2017-12-28,14606.5,265988000000,737.02,73637100000,249.93,14831200000,65.43,4339530000,0.223544,4068660000,9.57,5978450000,0.506697,175974000
2017-12-27,15838.5,270976000000,762.84,74854100000,272.17,15615200000,66.88,4259210000,0.229224,4040790000,10.56,5551810000,0.505501,180498000
2017-12-26,16099.8,235294000000,773.84,73717800000,286.5,14876400000,65.52,4329390000,0.226018,4083400000,9.82,5497600000,0.521421,177201000
2017-12-25,14026.6,234590000000,765.83,67475100000,273.39,15111400000,66.32,3917400000,0.228511,4045700000,9.77,4597290000,0.501933,192268000
2017-12-24,13925.8,244824000000,694.15,69671200000,275.98,15842900000,59.7,3855900000,0.22445,4228850000,8.14,4753620000,0.544162,204597000
2017-12-23,14699.2,233748000000,719.39,65752100000,288.27,14655200000,58.9,3660710000,0.234179,3943440000,8.48,4437100000,0.57768,153745000
2017-12-22,13831.8,266381000000,674.86,79374400000,264.93,17371200000,55.57,4650220000,0.216717,4616600000,7.84,5898340000,0.426878,149677000
2017-12-21,15802.9,278827000000,821.06,79125300000,317.46,17116600000,71.37,4948010000,0.2572,4516350000,10.6,6591520000,0.424287,132497000
2017-12-20,16624.6,297526000000,819.09,79810600000,314.62,19012500000,75.62,4634920000,0.252386,4729210000,11.99,6840160000,0.372796,153555000
2017-12-19,17776.7,320242000000,826.82,76552200000,350.25,19525500000,70.81,5017420000,0.26431,4927630000,12.38,5057770000,0.439356,150876000
2017-12-18,19114.2,320000000000,794.64,69578400000,358.34,17336500000,77.22,4449540000,0.276283,4876760000,9.21,4478700000,0.434907,146394000
2017-12-17,19140.8,326141000000,719.98,67106400000,318.72,16398800000,68.11,3233120000,0.266621,4189510000,8.22,4673800000,0.417596,119647000
2017-12-16,19497.4,297376000000,696.21,66124200000,298.97,16260700000,49.81,3129270000,0.232125,3500490000,8.61,4405780000,0.341393,111369000
2017-12-15,17706.9,277936000000,684.45,67090900000,299.78,15258500000,47.99,3285020000,0.195862,3544830000,8.13,4531340000,0.320793,109412000
2017-12-14,16564,274269000000,695.82,67482900000,279.33,16352400000,50.62,2918700000,0.188907,2656890000,8.4,3887060000,0.308503,91461900
2017-12-13,16408.2,292900000000,702.77,62105600000,302.6,17116500000,44.81,2647620000,0.149342,2765100000,7.3,2846320000,0.261878,80999700
2017-12-12,17415.4,283155000000,651.43,50286400000,316.16,11528600000,40.41,2354370000,0.156444,2555100000,5.3,2331870000,0.231424,88940000
2017-12-11,16936.8,258147000000,515.14,42389300000,214.2,8042020000,35.88,2165750000,0.144956,2109300000,4.36,2000150000,0.260592,89277800
2017-12-10,15455.4,253782000000,441.72,45501400000,148.66,8438840000,33.31,2326550000,0.119263,2462460000,3.77,2152680000,0.252898,84369300
2017-12-09,15178.2,276415000000,473.5,44005600000,155.24,6910360000,35.71,2337250000,0.135122,2503310000,4.06,2254300000,0.238859,85744800
2017-12-08,16569.4,297787000000,456.03,41845800000,124.85,5327910000,36.27,2264560000,0.13726,2459440000,4.29,2093350000,0.245226,91001400
2017-12-07,17899.7,238600000000,434.41,41007600000,98.29,5415710000,34.86,2277340000,0.133046,2734310000,3.99,2358120000,0.260064,99291400
2017-12-06,14291.5,199390000000,428.59,44483100000,100.35,5548860000,35.16,2518460000,0.151622,2164040000,4.55,2219990000,0.29157,109325000
2017-12-05,11916.7,195389000000,463.28,45212800000,102.4,5644390000,38.82,2729160000,0.123523,1727270000,4.24,2107440000,0.313877,80244600
2017-12-04,11657.2,189172000000,470.2,44795700000,104.24,5486740000,42.17,2382160000,0.09761,1589540000,4.03,1865930000,0.229581,81408100
2017-12-03,11323.2,185258000000,465.85,44560500000,101.26,5420380000,36.62,2281180000,0.089035,1661390000,3.61,2026220000,0.230629,72799200
2017-12-02,11074.6,183490000000,463.45,44853300000,100.28,5351330000,35.07,2329690000,0.093816,1601920000,3.92,1661260000,0.207898,62279400
2017-12-01,10975.6,170436000000,466.54,42765000000,99,4758600000,35.84,2137790000,0.089883,1282140000,3.24,1443760000,0.177823,59334900
2017-11-30,10233.6,165537000000,447.11,41411900000,88.33,4662340000,32.96,2115360000,0.072871,1164430000,2.85,1401530000,0.170461,51575900
2017-11-29,9888.61,168367000000,427.52,45442100000,85.57,5188580000,32.28,2469340000,0.064424,1453630000,2.71,1407010000,0.145255,61798300
2017-11-28,10058.8,164104000000,472.9,46127200000,96.03,4955290000,38.08,2608660000,0.081415,1007510000,2.75,1440200000,0.176424,65387300
2017-11-27,9818.35,156221000000,480.36,45255000000,91.6,4638580000,40.13,2491020000,0.059843,865597000,2.86,1229350000,0.184168,64010900
2017-11-26,9330.55,146789000000,471.33,44712100000,85.93,4801830000,38.44,2472680000,0.048896,775201000,2.46,1023900000,0.182888,64222100
2017-11-25,8790.92,137632000000,466.28,45633400000,88.82,4205220000,38.13,2263690000,0.043639,713515000,2.05,934125000,0.180959,67483800
2017-11-24,8253.69,134816000000,474.91,39564300000,77.97,3946910000,34.79,2267940000,0.040193,716293000,1.88,936708000,0.192921,57860800
2017-11-23,8038.77,137444000000,410.17,36577300000,73.22,3882950000,34.9,2329200000,0.040535,755911000,1.89,929842000,0.164384,59379300
2017-11-22,8253.55,134851000000,380.65,34544000000,71.89,3785260000,35.86,2239040000,0.042299,667261000,1.89,937115000,0.168515,54942900
2017-11-21,8071.26,136967000000,360.4,35220200000,70.03,3892860000,34.36,2353570000,0.037668,675367000,1.9,976585000,0.154972,57216700
2017-11-20,8200.64,134167000000,366.73,33933400000,72.25,3849390000,35.64,2596080000,0.038121,648715000,1.99,917196000,0.162183,56827900
2017-11-19,8036.49,129595000000,354.39,33284900000,71.59,3745710000,39.75,2795440000,0.036566,646281000,1.88,928877000,0.162354,59779400
2017-11-18,7790.15,128425000000,347.61,31800700000,69.64,3631120000,42.74,2583010000,0.036583,628776000,1.93,840206000,0.170872,54253000
2017-11-17,7708.99,131026000000,332.39,31620300000,67.57,3794080000,40.5,1866360000,0.035572,658006000,1.75,797405000,0.159649,59309100
2017-11-16,7871.69,122164000000,330.92,31927300000,71.06,3435690000,28.7,1913970000,0.037234,655235000,1.65,800620000,0.169761,65618600
2017-11-15,7315.54,110667000000,333.36,32353200000,63.82,3379200000,29.35,1936170000,0.037053,604993000,1.67,794660000,0.186138,65664700
2017-11-14,6635.75,109434000000,337.63,30317300000,62.68,3317410000,29.73,1845750000,0.036374,507761000,1.67,555067000,0.188114,64685100
2017-11-13,6559.49,99029000000,316.72,29379000000,61.4,3183830000,28.4,1762620000,0.030656,466386000,1.18,513122000,0.183071,59191100
2017-11-12,5950.07,104980000000,307.91,30106200000,59.01,3351310000,26.96,1848580000,0.028182,546827000,1.09,541171000,0.170898,62883400
2017-11-11,6357.6,110362000000,314.68,28559400000,62.3,3191150000,28.53,1829610000,0.033053,548787000,1.16,478130000,0.17977,65239300
2017-11-10,6618.14,119607000000,299.25,30665200000,59.26,3463640000,28.18,2078110000,0.033073,660767000,1.03,546866000,0.187602,78645100
2017-11-09,7143.58,124146000000,320.88,29509000000,64.27,3358100000,31.9,1999530000,0.039946,560545000,1.18,521918000,0.223969,75849700
2017-11-08,7459.69,119041000000,309.07,28128700000,62.57,3283270000,30.67,1700950000,0.033763,508549000,1.13,436217000,0.213909,62064900
2017-11-07,7144.38,117056000000,294.66,28533300000,61.3,2953400000,26.23,1706600000,0.030699,478974000,0.951407,417944000,0.177539,58742700
2017-11-06,7022.76,123379000000,298.89,28322700000,55.17,2940380000,26.32,1720760000,0.02888,442813000,0.91695,481154000,0.167456,60679600
2017-11-05,7407.41,123388000000,296.26,28661500000,54.75,2953940000,26.38,1721090000,0.026765,451932000,1.09,498621000,0.172059,61922500
2017-11-04,7379.95,119376000000,300.47,29175300000,55.04,3016940000,26.49,1739980000,0.027294,461640000,1.12,536628000,0.177603,59603300
2017-11-03,7207.76,118084000000,305.71,27547400000,56.18,2928260000,26.82,1598960000,0.027779,456146000,1.21,496753000,0.171798,56400000
2017-11-02,7078.5,112910000000,287.43,27754200000,54.74,2872910000,24.5,1738720000,0.027607,448293000,1.12,462451000,0.167427,54879700
2017-11-01,6767.31,107287000000,291.69,29183600000,53.18,2989140000,26.86,1844740000,0.027353,487471000,1.05,345787000,0.157611,66630200
2017-10-31,6468.4,102130000000,305.88,29331500000,55.75,3021830000,28.47,1864890000,0.029182,524277000,0.781782,312268000,0.193912,74010000
2017-10-30,6130.53,101833000000,307.75,29077600000,56.39,3046410000,28.79,1801620000,0.031804,509767000,0.711433,291212000,0.209849,69736100
2017-10-29,6153.85,95819800000,305.09,28270200000,57.11,2929280000,27.76,1360230000,0.030331,515949000,0.665881,232441000,0.198876,71964600
2017-10-28,5753.09,96369600000,296.3,28410400000,54.69,2966700000,27.35,1443000000,0.031038,568695000,0.536368,225217000,0.206531,78613400
2017-10-27,5780.9,98225400000,297.42,28270100000,55.33,2981330000,28.76,1416350000,0.034236,575271000,0.522118,223174000,0.224644,79660300
2017-10-26,5904.83,95685100000,296.53,28408400000,55.74,3023150000,28.33,1423950000,0.034546,584651000,0.518944,215751000,0.227041,88911700
2017-10-25,5750.8,91954200000,297.93,28442000000,56.49,2994670000,28.54,1505590000,0.035004,604354000,0.504073,219135000,0.254435,89338400
2017-10-24,5526.64,98781600000,298.33,27357500000,55.96,2940790000,30.15,1367240000,0.036649,571714000,0.514935,208860000,0.254453,85667600
2017-10-23,5930.32,99941600000,286.95,28111400000,54.92,3036830000,27.51,1424610000,0.033832,517635000,0.493225,218357000,0.248675,92349700
2017-10-22,6008.42,100438000000,295.45,28624800000,56.81,3116350000,28.79,1357500000,0.031269,605233000,0.51797,221105000,0.264695,90365200
2017-10-21,6031.6,99763200000,300.19,28906600000,58.2,3224150000,27.13,1387840000,0.036429,453565000,0.526792,226053000,0.252681,78201800
2017-10-20,6011.45,94947900000,304.01,29326300000,60.33,3196870000,27.75,1433880000,0.026756,518303000,0.540684,235831000,0.223874,104618000
2017-10-19,5708.52,92867000000,308.09,29937900000,59.74,3250090000,28.66,1482970000,0.031195,583492000,0.566708,225606000,0.3,128733000
2017-10-18,5590.69,93190200000,314.32,30160500000,60.73,3183230000,29.67,1583190000,0.035133,759890000,0.546006,228420000,0.366229,140956000
2017-10-17,5605.51,95469300000,317.08,31727700000,59.48,3454040000,31.4,1425090000,0.045842,605629000,0.552144,230284000,0.400848,147834000
2017-10-16,5725.59,94559000000,333.38,32029200000,64.62,3508860000,28.53,1388080000,0.036865,313995000,0.561856,232974000,0.423807,145434000
2017-10-15,5678.19,97011900000,336.6,32292100000,65.47,3422800000,27.73,1382450000,0.018925,286809000,0.571914,236824000,0.413516,136897000
2017-10-14,5831.79,93803000000,339.63,32222400000,63.95,3169870000,27.8,1465980000,0.017522,298861000,0.582836,235451000,0.39186,152197000
2017-10-13,5647.21,90812400000,338.76,28911100000,59.43,3230160000,29.35,1392660000,0.01796,292768000,0.58397,237037000,0.434603,154573000
2017-10-12,5446.91,80256700000,304.14,28851200000,60.11,2713870000,28.18,1500520000,0.017784,323428000,0.591723,243333000,0.444011,158510000
2017-10-11,4826.48,79578200000,303.46,28626300000,50.89,2706060000,29.96,1464940000,0.01945,313004000,0.610223,220811000,0.450463,145721000
2017-10-10,4781.99,79351800000,299.87,28281400000,50.72,2673460000,29.31,1457270000,0.018953,289284000,0.555214,220246000,0.407469,133140000
2017-10-09,4772.02,76656500000,297.39,29328300000,50.16,2828800000,29.1,1601800000,0.017601,311848000,0.557142,237202000,0.380589,141577000
2017-10-08,4610.48,73575400000,308.61,29550900000,53.14,2796640000,32.07,1781810000,0.018598,343218000,0.604501,229724000,0.397137,161870000
2017-10-07,4426.89,72565100000,311.12,29340400000,52.58,2776920000,36.14,1677000000,0.020959,305922000,0.588553,233480000,0.463657,165286000
2017-10-06,4370.81,71810600000,308.59,28031100000,52.12,2749460000,33.52,1625060000,0.018403,243125000,0.599844,234980000,0.475765,142212000
2017-10-05,4328.41,70233700000,295.86,27800400000,51.67,2736260000,32.28,1560680000,0.014576,197068000,0.606157,230827000,0.406538,138960000
2017-10-04,4229.36,71712500000,292.66,27794100000,51.4,2782460000,31.16,1689390000,0.011851,206833000,0.601539,242210000,0.397361,120115000
2017-10-03,4317.48,73181300000,292.46,28238500000,52.35,2840540000,33.61,1832530000,0.012403,214765000,0.63123,248943000,0.345535,128539000
2017-10-02,4409.32,72963200000,297.48,28708500000,53.38,2901270000,36.74,1785160000,0.012962,227204000,0.654973,268425000,0.356767,153183000
2017-10-01,4403.74,72047300000,302.34,28615200000,54.54,2931740000,35.72,1705880000,0.013688,229128000,0.70776,272363000,0.436647,158041000
2017-09-30,4338.71,69136600000,301.46,27655200000,55.14,2797460000,34.21,1429500000,0.013858,218327000,0.721609,269796000,0.451364,109374000
2017-09-29,4163.07,69219200000,291.47,28375900000,52.62,2875460000,28.64,1512530000,0.013204,229178000,0.717272,305136000,0.30844,85903000
2017-09-28,4174.73,69633200000,299.15,29068700000,54.09,2986370000,29.76,1589170000,0.013863,237469000,0.815693,234912000,0.243795,67681900
2017-09-27,4200.67,64579200000,306.47,27219400000,56.28,2739380000,31.79,1316040000,0.014378,204008000,0.633043,207167000,0.194586,68158000
2017-09-26,3892.35,65161000000,287.44,27720000000,51.55,2744540000,26.38,1305990000,0.012388,200327000,0.561128,209783000,0.194958,63713600
2017-09-25,3926.07,61061100000,292.33,26755500000,51.58,2527830000,26.02,989892000,0.012073,191597000,0.570774,199970000,0.182198,59722600
2017-09-24,3682.84,62954300000,282.48,27129900000,47.62,2613620000,19.79,1008660000,0.011563,197631000,0.546274,210746000,0.170278,45888600
2017-09-23,3792.4,60190000000,286.17,25077100000,49.27,2554900000,20.18,929086000,0.011896,178394000,0.576697,206350000,0.131129,52346600
2017-09-22,3630.7,60152300000,264.31,24458400000,48.09,2474380000,18.69,869657000,0.010776,177458000,0.569846,197242000,0.150503,59438900
2017-09-21,3631.04,64677600000,258.58,26836000000,46.61,2739370000,17.45,982515000,0.0106,200775000,0.546153,219928000,0.16968,66196100
2017-09-20,3905.95,64918500000,283.74,26712400000,51.73,2795880000,19.75,995012000,0.012236,195421000,0.612827,231481000,0.189165,54773000
2017-09-19,3924.97,67520300000,282.8,27809300000,52.84,2950880000,19.94,1049420000,0.011794,223138000,0.653363,250257000,NA,NA
2017-09-18,4065.2,59514100000,293.5,23881200000,55.53,2571070000,21.22,995579000,0.013455,185334000,0.704878,228544000,NA,NA
2017-09-17,3582.88,59757800000,251.75,23272500000,48.49,2554450000,19.86,1031920000,0.01121,194242000,0.648592,218104000,NA,NA
2017-09-16,3625.04,60271600000,246.52,23742600000,48.26,2548580000,20.76,937288000,0.011699,199831000,0.627565,231741000,NA,NA
2017-09-15,3637.52,52453500000,250.46,20364900000,48.21,2206520000,18.74,790612000,0.012096,184601000,0.664289,208567000,NA,NA
2017-09-14,3154.95,64191600000,213.91,26166100000,41.58,3261960000,15.69,1004180000,0.011038,254686000,0.603217,249825000,NA,NA
2017-09-13,3882.59,68432200000,277.11,27535700000,61.73,3402820000,20.06,1041450000,0.015328,268670000,0.728994,287468000,NA,NA
2017-09-12,4130.81,69033400000,291.46,27861800000,64.23,3503300000,20.97,1093590000,0.016324,282216000,0.836077,248239000,NA,NA
2017-09-11,4161.27,68256000000,294.53,27394400000,66.04,3259510000,21.88,1133790000,0.016993,269966000,0.730869,250148000,NA,NA
2017-09-10,4122.94,70018100000,288.75,27797200000,61.61,3478400000,22.75,1088180000,0.016269,283785000,0.739763,266891000,NA,NA
2017-09-09,4226.06,70017200000,294.4,27990500000,66.01,3551950000,21.96,1231580000,0.017095,290623000,0.791608,278741000,NA,NA
2017-09-08,4228.75,76220200000,296.5,31147200000,67.79,4144630000,24.86,1529630000,0.017447,332706000,0.832764,325195000,NA,NA
2017-09-07,4599.88,75945000000,329.43,31507500000,78.48,4218690000,30.78,1065110000,0.020096,337593000,0.977272,304901000,NA,NA
2017-09-06,4597.12,72418700000,334.34,29639100000,80.11,3789670000,21.36,1148320000,0.020346,308182000,0.914359,293040000,NA,NA
2017-09-05,4376.53,69954400000,312.99,28100000000,71.29,3444150000,22.8,1093860000,0.018567,296191000,0.883708,277362000,NA,NA
2017-09-04,4236.31,75955500000,295.17,32774000000,65.21,4049140000,21.83,1522090000,0.017625,353461000,0.850526,406952000,NA,NA
2017-09-03,4582.96,75841700000,347.48,33059800000,76.84,4166600000,30.32,1588690000,0.021296,345215000,1.25,399540000,NA,NA
2017-09-02,4578.77,81060600000,348.98,36601200000,79.02,4526680000,31.72,1584390000,0.020837,399054000,1.23,417177000,NA,NA
2017-09-01,4892.01,77748400000,387.74,36182900000,86.04,3735870000,32.01,1658680000,0.023954,370517000,1.3,415441000,NA,NA
2017-08-31,4703.39,75322300000,383.04,35701500000,71.06,3381750000,33.16,1646720000,0.022405,245572000,1.3,388849000,NA,NA
2017-08-30,4565.3,75556600000,378.49,34848400000,64.17,3328240000,33.1,1673910000,0.021224,232392000,1.23,411683000,NA,NA
2017-08-29,4579.02,72553800000,370.67,32813200000,63.17,3286610000,33.66,1922840000,0.020104,237355000,1.31,417121000,NA,NA
2017-08-28,4382.66,72467900000,347.75,33002700000,62.36,3231200000,38.45,2011600000,0.020525,229305000,1.34,417816000,NA,NA
2017-08-27,4382.88,71809200000,347.89,31517500000,61.16,2726990000,40.09,1928770000,0.019785,243160000,1.35,418196000,NA,NA
2017-08-26,4352.4,72249100000,333.88,31288300000,51.75,2692560000,38.59,2015360000,0.021208,232706000,1.36,421157000,NA,NA
2017-08-25,4371.6,71595100000,331.92,30727900000,51.18,2639490000,40.3,2098230000,0.020497,212806000,1.38,419363000,NA,NA
2017-08-24,4334.68,68363900000,325.61,29904600000,50.19,2778190000,42.05,1996230000,0.019024,228611000,1.38,426382000,NA,NA
2017-08-23,4151.52,67553000000,317.52,29691900000,53.25,2456090000,40,1791670000,0.020223,239479000,1.41,384808000,NA,NA
2017-08-22,4100.52,66051000000,314.79,30229900000,46.73,2517440000,35.85,1758180000,0.021624,219050000,1.28,397993000,NA,NA
2017-08-21,4001.74,67567100000,321.59,28285500000,47.94,2427130000,35.3,1902060000,0.019753,195916000,1.34,404724000,NA,NA
2017-08-20,4087.66,69192700000,301.43,27918100000,46.23,2383680000,38.19,1981640000,0.017631,182687000,1.37,412029000,NA,NA
2017-08-19,4193.7,68333100000,297.47,27867900000,45.48,2471190000,39.97,1943180000,0.016513,186374000,1.4,414746000,NA,NA
2017-08-18,4160.62,71406500000,295.59,28380200000,47.28,2304770000,38.85,2042450000,0.016842,191461000,1.42,445570000,NA,NA
2017-08-17,4331.69,72389100000,301.46,28477500000,43.91,2318000000,40.69,2286130000,0.017327,195588000,1.55,459650000,NA,NA
2017-08-16,4376.63,69342700000,302.27,27249700000,44.15,2275660000,45.54,2349050000,0.017702,191837000,1.6,468739000,NA,NA
2017-08-15,4181.93,71425500000,289.82,28195800000,43.31,2403520000,47.49,2375010000,0.017433,194212000,1.65,469853000,NA,NA
2017-08-14,4325.13,67112300000,300.1,28008700000,45.8,2403870000,47.43,2381360000,0.017622,201960000,1.66,453328000,NA,NA
2017-08-13,4073.26,64034100000,298.06,29161100000,45.81,2441760000,46.65,1843040000,0.01825,223033000,1.62,465780000,NA,NA
2017-08-12,3884.71,60242100000,310.6,28998700000,46.43,2466360000,36.61,1657810000,0.020217,235813000,1.67,495957000,NA,NA
2017-08-11,3650.62,55668000000,308.86,27657000000,47.1,2431830000,33.5,1815780000,0.02148,241679000,1.79,504138000,NA,NA
2017-08-10,3381.28,55134700000,295.89,27882200000,46.5,2517300000,36.18,1084180000,0.022007,253129000,1.83,501169000,NA,NA
2017-08-09,3342.47,56424900000,296.03,27938700000,48.01,2544750000,21.75,917009000,0.022996,261957000,1.83,510157000,NA,NA
2017-08-08,3419.94,55590300000,296.77,25254600000,48.63,2403230000,18.27,936705000,0.023737,244457000,1.88,487777000,NA,NA
2017-08-07,3378.94,52987300000,269.18,24511000000,45.8,2364540000,18.68,759959000,0.022195,248695000,1.81,462733000,NA,NA
2017-08-06,3213.94,53720900000,261.57,24053500000,45.1,2451490000,15.21,708471000,0.022701,261044000,1.74,501778000,NA,NA
2017-08-05,3252.91,47778200000,256.51,20900000000,46.86,2275090000,14.02,519506000,0.023984,249620000,1.91,471268000,NA,NA
2017-08-04,2895.89,46276200000,223.07,21125600000,43.45,2243440000,10.43,541832000,0.022241,206288000,1.81,467884000,NA,NA
2017-08-03,2804.73,44666400000,225.34,20640100000,42.86,2206190000,10.67,409434000,0.01886,198503000,1.8,457634000,NA,NA
2017-08-02,2710.67,44950800000,219.95,21275200000,42.13,2251650000,8.11,392732000,0.018413,193885000,1.78,455223000,NA,NA
2017-08-01,2718.26,47321800000,226.77,19179100000,43.04,2248110000,7.86,368123000,0.017933,174282000,1.78,442971000,NA,NA
2017-07-31,2875.34,45535800000,203.87,18492000000,43.02,2107540000,7.33,358222000,0.016095,171434000,1.74,446574000,NA,NA
2017-07-30,2757.18,44890700000,197.98,19360900000,40.42,2150970000,7.15,363345000,0.015984,188601000,1.78,455967000,NA,NA
2017-07-29,2726.45,46246700000,205.79,18101800000,41.12,2117650000,7.26,354258000,0.017447,182499000,1.83,452704000,NA,NA
2017-07-28,2809.01,44144400000,193.12,19125100000,40.61,2203520000,7.09,387410000,0.016961,198466000,1.85,481392000,NA,NA
2017-07-27,2671.78,41816500000,204.32,19169800000,42.14,2210020000,7.72,360772000,0.018322,203990000,1.95,425312000,NA,NA
2017-07-26,2529.45,42455000000,203.95,19373400000,42.23,2206000000,7.17,366562000,0.018878,200071000,1.74,396121000,NA,NA
2017-07-25,2576.48,45410100000,206.71,20985200000,42.24,2319870000,7.35,423876000,0.018551,243311000,1.65,448823000,NA,NA
2017-07-24,2754.86,44995600000,224.71,21158500000,44.41,2302370000,8.46,430471000,0.022605,233061000,1.87,445118000,NA,NA
2017-07-23,2730.4,46231100000,225.95,21418300000,44.06,2430320000,8.57,431881000,0.021769,246289000,1.87,459832000,NA,NA
2017-07-22,2810.12,43929600000,229.48,20360100000,46.56,2385020000,8.62,369727000,0.022877,206136000,1.96,421938000,NA,NA
2017-07-21,2667.76,46719000000,218.31,21121100000,45.76,2347580000,7.42,361826000,0.019201,203945000,1.82,404351000,NA,NA
2017-07-20,2817.6,37356800000,227.26,19187800000,45.02,2132670000,7.21,294317000,0.018859,186133000,1.74,357758000,NA,NA
2017-07-19,2273.43,38227800000,199.7,21939300000,40.86,2308550000,5.88,301935000,0.017256,201166000,1.56,384563000,NA,NA
2017-07-18,2318.88,36749400000,234.39,18207400000,44.3,2218090000,6.02,288470000,0.018666,200557000,1.7,345694000,NA,NA
2017-07-17,2228.41,31795000000,193.42,14932700000,42.67,2142760000,5.77,253054000,0.018614,165682000,1.54,278755000,NA,NA
2017-07-16,1929.82,32767600000,157.36,15823100000,40.91,2024150000,5.04,251399000,0.015654,187684000,1.25,284276000,NA,NA
2017-07-15,1998.86,36681300000,170.66,18630200000,38.92,2225560000,5.03,277400000,0.017618,173411000,1.3,339219000,NA,NA
2017-07-14,2233.34,38823100000,199.66,19541300000,42.8,2409670000,5.54,313433000,0.016321,185269000,1.55,371675000,NA,NA
2017-07-13,2357.9,39511000000,209.73,21613900000,46.33,2531820000,6.29,334240000,0.017351,193139000,1.74,443420000,NA,NA
2017-07-12,2398.84,38355900000,230.77,18377600000,48.75,2350960000,6.63,265564000,0.017907,151965000,2.07,346085000,NA,NA
2017-07-11,2337.79,39224200000,197.4,19712300000,45.33,2403210000,5.4,296309000,0.014518,157375000,1.66,372111000,NA,NA
2017-07-10,2372.56,41509000000,215.36,22640500000,46.58,2591230000,6.03,345719000,0.015137,206559000,1.83,464611000,NA,NA
2017-07-09,2518.44,42283200000,242.14,23454700000,49.58,2717950000,6.9,370072000,0.019499,228281000,2.29,491957000,NA,NA
2017-07-08,2571.34,41417700000,251.7,22890700000,52.14,2420160000,7.45,339382000,0.021597,215352000,2.59,485188000,NA,NA
2017-07-07,2518.66,42864200000,245.99,25160800000,46.58,2650900000,6.77,391569000,0.020415,266472000,2.8,566644000,NA,NA
2017-07-06,2608.56,42851400000,270.55,25019500000,51.13,2758680000,7.84,399093000,0.025418,266509000,3.36,502465000,NA,NA
2017-07-05,2601.99,42760800000,268.77,25406900000,53.19,2865630000,8.03,388453000,0.025441,267600000,3,547544000,NA,NA
2017-07-04,2601.64,42067900000,273.3,26245000000,55.33,2413260000,7.78,410831000,0.02575,272443000,3.37,656753000,NA,NA
2017-07-03,2564.06,41037200000,282.9,26815900000,46.43,2149160000,8.22,402786000,0.026266,266527000,4.09,NA,NA,NA
2017-07-02,2506.47,40010500000,287.99,25572800000,41.57,2017570000,8.1,397988000,0.025706,253559000,2.71,NA,NA,NA
2017-07-01,2434.55,40928200000,274.6,27259400000,38.99,2092370000,7.95,438293000,0.024466,277895000,1.01,NA,NA,NA
2017-06-30,2480.84,41689100000,294.92,28161900000,40.35,2124870000,8.73,485988000,0.026988,296282000,NA,NA,NA,NA
2017-06-29,2539.32,42150300000,302.88,30495300000,41.07,2216710000,9.77,416970000,0.029039,323762000,NA,NA,NA,NA
2017-06-28,2574.79,41906700000,327.93,27207000000,42.85,2111870000,8.38,347826000,0.031998,291560000,NA,NA,NA,NA
2017-06-27,2552.45,40677900000,293.09,25309700000,40.54,2127600000,6.83,267538000,0.029113,294588000,NA,NA,NA,NA
2017-06-26,2478.45,42514000000,272.69,28111200000,41.13,2277350000,5.53,297587000,0.030218,326126000,NA,NA,NA,NA
2017-06-25,2589.41,42783800000,303.25,30005900000,43.92,2300180000,5.95,314543000,0.033373,371411000,NA,NA,NA,NA
2017-06-24,2608.72,44932900000,323.7,31681300000,44.49,2442000000,6.3,343738000,0.03821,394317000,NA,NA,NA,NA
2017-06-23,2744.91,44415900000,341.74,31195900000,47.34,2467280000,6.84,346025000,0.041397,376717000,NA,NA,NA,NA
2017-06-22,2705.41,44143700000,336.37,31302600000,47.71,2465100000,6.94,507921000,0.038719,373535000,NA,NA,NA,NA
2017-06-21,2689.1,44440800000,336.87,33310500000,47.79,2442610000,10.15,401956000,0.038124,383822000,NA,NA,NA,NA
2017-06-20,2721.79,42498000000,359,34304000000,47.22,2602590000,8,589390000,0.039366,393419000,NA,NA,NA,NA
2017-06-19,2589.6,41800600000,370.06,34435700000,50.32,2382490000,11.72,273011000,0.040252,370273000,NA,NA,NA,NA
2017-06-18,2548.29,43539300000,371.46,35133800000,46.04,2447790000,5.26,189717000,0.038332,378259000,NA,NA,NA,NA
2017-06-17,2655.88,41217200000,379.41,34231300000,47.65,1866370000,3.76,139894000,0.039251,362693000,NA,NA,NA,NA
2017-06-16,2518.56,40484100000,370.23,33415800000,35.7,1561380000,2.77,90202000,0.037536,362124000,NA,NA,NA,NA
2017-06-15,2464.58,40971300000,361.93,33158200000,30.22,1557670000,1.78,86947000,0.037439,386546000,NA,NA,NA,NA
2017-06-14,2506.37,44528300000,359.05,36761600000,30.22,1584220000,1.74,90657000,0.039828,405019000,NA,NA,NA,NA
2017-06-13,2717.02,43934100000,397.54,36574500000,30.64,1519410000,1.81,75221500,0.04186,383584000,NA,NA,NA,NA
2017-06-12,2659.63,48391200000,401.49,31525300000,29.5,1711460000,1.51,83716000,0.039988,442903000,NA,NA,NA,NA
2017-06-11,2958.11,48208700000,340.61,31296800000,33.22,1570430000,1.67,84426000,0.045915,413186000,NA,NA,NA,NA
2017-06-10,2947.71,46331400000,337.67,26043700000,30.44,1528070000,1.68,77129000,0.042866,457775000,NA,NA,NA,NA
2017-06-09,2823.81,45987100000,281.74,24165000000,29.68,1553630000,1.55,67874000,0.047356,486440000,NA,NA,NA,NA
2017-06-08,2805.62,44557100000,261.67,23810900000,30.21,1460360000,1.36,63677000,0.05042,452663000,NA,NA,NA,NA
2017-06-07,2732.16,46989800000,258.07,24382200000,28.39,1572550000,1.28,66929500,0.047098,439598000,NA,NA,NA,NA
2017-06-06,2863.2,44061000000,264.47,22930400000,30.55,1586150000,1.34,63757000,0.045407,401239000,NA,NA,NA,NA
2017-06-05,2686.81,41133900000,248.46,22615800000,30.84,1444260000,1.28,63267500,0.041507,384981000,NA,NA,NA,NA
2017-06-04,2511.81,41708200000,245.33,20659800000,27.94,1421270000,1.26,62425500,0.039989,376823000,NA,NA,NA,NA
2017-06-03,2515.35,40817100000,224.38,20593500000,27.66,1492070000,1.26,68122000,0.039294,387003000,NA,NA,NA,NA
2017-06-02,2488.55,39344600000,223.78,20479000000,28.94,1484470000,1.35,62290500,0.040226,417434000,NA,NA,NA,NA
2017-06-01,2407.88,37446200000,222.24,21264800000,28.8,1301540000,1.24,51383000,0.043069,332674000,NA,NA,NA,NA
2017-05-31,2286.41,35786700000,230.67,21321900000,25.3,1247240000,1.03,51167000,0.034273,297641000,NA,NA,NA,NA
2017-05-30,2175.47,36897000000,231.91,18004700000,24.14,1299460000,1.02,48770200,0.031009,355173000,NA,NA,NA,NA
2017-05-29,2255.61,35323500000,194.91,15654600000,25.21,1248110000,0.966765,46086400,0.037044,341020000,NA,NA,NA,NA
2017-05-28,2155.8,33595900000,170.51,14608600000,24.22,1231490000,0.930106,49477900,0.035364,319531000,NA,NA,NA,NA
2017-05-27,2038.87,35917100000,157.76,14696000000,23.74,1200170000,0.982348,40341200,0.033024,392052000,NA,NA,NA,NA
2017-05-26,2202.42,37950600000,160.4,16107000000,23.75,1554680000,0.826549,55293000,0.041065,380046000,NA,NA,NA,NA
2017-05-25,2304.98,39995400000,174.45,17446600000,29.9,1766650000,1.11,87149500,0.040021,490217000,NA,NA,NA,NA
2017-05-24,2443.64,37949200000,190.05,16779700000,34.45,1645910000,1.76,43947700,0.051364,533257000,NA,NA,NA,NA
2017-05-23,2320.42,35822600000,181.95,15688000000,32.11,1296170000,0.877157,36086300,0.0555,492950000,NA,NA,NA,NA
2017-05-22,2173.4,33393600000,174.26,14522100000,25.38,1338680000,0.720486,34100400,0.051003,602024000,NA,NA,NA,NA
2017-05-21,2041.2,33779400000,157.94,11705700000,26.3,1406610000,0.664141,33271700,0.060843,516464000,NA,NA,NA,NA
2017-05-20,2084.73,32422400000,126.52,11856600000,27.51,1416690000,0.665485,31907400,0.053888,474053000,NA,NA,NA,NA
2017-05-19,1987.71,30999000000,129.53,8902240000,27.7,1447310000,0.63186,26987600,0.049577,442621000,NA,NA,NA,NA
2017-05-18,1888.65,29710500000,96.91,8238110000,28.36,1287210000,0.539481,26671200,0.04627,459646000,NA,NA,NA,NA
2017-05-17,1839.09,28204800000,89.86,8181520000,25.4,1188550000,0.531643,23214200,0.048568,477352000,NA,NA,NA,NA
2017-05-16,1734.45,28446300000,89.44,8466470000,23.33,1295310000,0.463667,23728400,0.049368,414824000,NA,NA,NA,NA
2017-05-15,1738.43,29532600000,92.41,8316930000,25.37,1476700000,0.470057,23868200,0.043552,368128000,NA,NA,NA,NA
2017-05-14,1808.91,29405100000,90.79,8322380000,28.89,1486220000,0.477543,24168600,0.038648,357571000,NA,NA,NA,NA
2017-05-13,1804.91,28132300000,90.84,8120390000,28.91,1390150000,0.484544,24393600,0.037586,381237000,NA,NA,NA,NA
2017-05-12,1724.24,30131100000,88.66,8184930000,27.45,1579240000,0.487684,24043700,0.040706,355144000,NA,NA,NA,NA
2017-05-11,1848.57,29060600000,89.88,8213570000,30.72,1666830000,0.481077,25215700,0.036203,296425000,NA,NA,NA,NA
2017-05-10,1787.13,28668100000,89.52,8337180000,31.96,1699070000,0.503894,22463000,0.031376,271140000,NA,NA,NA,NA
2017-05-09,1755.36,28132200000,91.16,8341490000,33.58,1477510000,0.44937,24806600,0.027647,378440000,NA,NA,NA,NA
2017-05-08,1723.35,26056500000,91.42,8569060000,28.96,1548860000,0.496572,26515000,0.03988,403409000,NA,NA,NA,NA
2017-05-07,1596.71,25768500000,94.01,8942950000,30.29,1437700000,0.535792,29263200,0.043984,199521000,NA,NA,NA,NA
2017-05-06,1578.8,25395600000,97.81,8669910000,28.16,1348870000,0.58767,28642700,0.021344,100476000,NA,NA,NA,NA
2017-05-05,1555.45,25133100000,94.4,8833520000,26.27,1195810000,0.576426,24691600,0.010877,61711300,NA,NA,NA,NA
2017-05-04,1537.67,24311900000,96.98,7277480000,23.39,1071840000,0.500309,17254800,0.006628,48432800,NA,NA,NA,NA
2017-05-03,1490.09,23707100000,79.72,7050050000,21.04,808247000,0.343782,15737300,0.005197,44873600,NA,NA,NA,NA
2017-05-02,1452.82,23170200000,77.26,6992980000,15.89,810373000,0.314833,15957400,0.004834,48009000,NA,NA,NA,NA
2017-05-01,1421.6,21981800000,76.3,7234070000,15.92,799215000,0.318838,18084400,0.005138,45049600,NA,NA,NA,NA
2017-04-30,1347.89,21548400000,79.02,6248840000,15.71,798743000,0.360099,13586500,0.00484,46349100,NA,NA,NA,NA
2017-04-29,1321.79,21479800000,68.38,6506490000,15.74,732129000,0.271729,11480600,0.004971,42227300,NA,NA,NA,NA
2017-04-28,1316.48,21476000000,70.16,5669550000,14.34,741933000,0.229255,10109700,0.004551,36998100,NA,NA,NA,NA
2017-04-27,1317.73,20889200000,62.17,4809630000,14.62,754472000,0.202092,9219700,0.00397,35766700,NA,NA,NA,NA
2017-04-26,1281.08,20627900000,52.72,4544370000,14.85,772651000,0.184577,9173750,0.003835,35452800,NA,NA,NA,NA
2017-04-25,1265.49,20372300000,49.89,4557870000,15.21,760872000,0.183504,8680300,0.003808,35863900,NA,NA,NA,NA
2017-04-24,1250.15,19705400000,50.03,4446470000,14.97,709098000,0.173758,8853850,0.00384,32805200,NA,NA,NA,NA
2017-04-23,1207.21,20066200000,48.49,4420040000,13.94,663271000,0.17496,9034200,0.003506,32460900,NA,NA,NA,NA
2017-04-22,1231.71,19913900000,48.55,4381290000,13.06,567234000,0.183058,8947150,0.003506,32279900,NA,NA,NA,NA
2017-04-21,1222.05,20020700000,48.22,4512610000,11.23,522165000,0.178122,9234250,0.003466,31349100,NA,NA,NA,NA
2017-04-20,1229.08,19719900000,49.67,4373800000,10.33,488681000,0.184725,9476700,0.003368,33117900,NA,NA,NA,NA
2017-04-19,1210.29,19734800000,48.31,4608260000,9.66,522923000,0.189408,9031100,0.003574,34749200,NA,NA,NA,NA
2017-04-18,1211.67,19433800000,50.71,4387860000,10.32,528060000,0.180479,9595500,0.003706,33376300,NA,NA,NA,NA
2017-04-17,1193.91,19260500000,48.3,4417310000,10.42,536824000,0.191489,9579150,0.003555,35001800,NA,NA,NA,NA
2017-04-16,1182.94,19085100000,48.72,4450140000,10.71,544263000,0.192076,9683600,0.003737,31579100,NA,NA,NA,NA
2017-04-15,1172.52,18996500000,49.1,4323100000,10.79,523678000,0.192164,9649550,0.003385,29154800,NA,NA,NA,NA
2017-04-14,1167.54,19043800000,47.57,4531810000,10.39,512838000,0.192958,9577000,0.003128,28657400,NA,NA,NA,NA
2017-04-13,1169.28,19541300000,50.22,4198420000,10.15,544751000,0.191686,9698300,0.00306,28128200,NA,NA,NA,NA
2017-04-12,1200.37,19600800000,46.29,3938930000,10.79,446780000,0.195553,9917850,0.003036,25068200,NA,NA,NA,NA
2017-04-11,1205.01,19316000000,43.41,3941100000,8.85,450735000,0.197826,10451200,0.002782,25429600,NA,NA,NA,NA
2017-04-10,1187.13,19311200000,43.44,3919520000,8.92,440977000,0.207874,9442100,0.002788,24924900,NA,NA,NA,NA
2017-04-09,1187.87,19134400000,43.27,4009010000,8.71,499887000,0.188861,9483950,0.002745,26356300,NA,NA,NA,NA
2017-04-08,1175.95,19068600000,44.31,3783000000,9.92,471828000,0.190221,9472800,0.00292,24869500,NA,NA,NA,NA
2017-04-07,1176.9,19168500000,42.16,3878210000,9.37,516533000,0.188531,9393550,0.002767,19799100,NA,NA,NA,NA
2017-04-06,1182.68,18302600000,43.24,4089930000,10.25,561808000,0.18643,9238350,0.002824,22141500,NA,NA,NA,NA
2017-04-05,1124.78,18435700000,45.3,4037940000,11.09,416432000,0.184719,9254100,0.003131,21195500,NA,NA,NA,NA
2017-04-04,1133.25,18619000000,44.64,3969730000,8.29,409793000,0.185002,9993700,0.003046,22227000,NA,NA,NA,NA
2017-04-03,1143.81,17924600000,44.36,4411030000,8.07,390802000,0.199703,10290400,0.003124,29039100,NA,NA,NA,NA
2017-04-02,1102.17,17559400000,48.75,4582700000,7.74,346209000,0.20548,10179200,0.004183,18385800,NA,NA,NA,NA
2017-04-01,1080.5,17413000000,50.7,4517510000,6.88,335526000,0.205017,10180300,0.002631,16425600,NA,NA,NA,NA
2017-03-31,1071.79,16679000000,50.04,4671190000,6.67,353860000,0.203541,10511800,0.002356,15866800,NA,NA,NA,NA
2017-03-30,1026.43,16929800000,52.21,4793280000,6.98,210627000,0.210556,10623400,0.002302,14363300,NA,NA,NA,NA
2017-03-29,1039.97,16990900000,53.13,4561150000,4.19,208728000,0.212428,11032500,0.001973,14605700,NA,NA,NA,NA
2017-03-28,1047.15,16964500000,50.77,4482160000,4.16,205012000,0.220632,9313850,0.002043,13495400,NA,NA,NA,NA
2017-03-27,1045.77,15785000000,49.67,4624990000,4.08,204793000,0.186426,8058250,0.001892,14457100,NA,NA,NA,NA
2017-03-26,966.73,15814800000,50.52,4574540000,4.06,204723000,0.160384,8363350,0.002018,14275300,NA,NA,NA,NA
2017-03-25,972.78,15204800000,51.25,4825700000,4.07,205034000,0.167305,8347050,0.002016,15006300,NA,NA,NA,NA
2017-03-24,937.52,16857000000,53.11,3929230000,4.08,199924000,0.166465,8320600,0.002108,16279800,NA,NA,NA,NA
2017-03-23,1038.59,17043400000,43.68,3831310000,3.98,197783000,0.166412,8659150,0.002251,14093500,NA,NA,NA,NA
2017-03-22,1049.14,18187100000,42.34,3880120000,3.94,200521000,0.173143,8247550,0.001983,15530800,NA,NA,NA,NA
2017-03-21,1120.54,17125600000,43.15,3913620000,4.01,202923000,0.164934,7698600,0.002187,13835800,NA,NA,NA,NA
2017-03-20,1054.23,16829800000,43.39,4031270000,4.03,198555000,0.153898,7872200,0.001995,13414400,NA,NA,NA,NA
2017-03-19,1036.74,15846000000,44.74,3193600000,3.96,198801000,0.15756,7950950,0.001916,13102600,NA,NA,NA,NA
2017-03-18,973.82,17838700000,34.16,4211830000,3.97,202967000,0.158987,7000300,0.001877,13693700,NA,NA,NA,NA
2017-03-17,1100.23,19141800000,46.83,4125480000,4.06,212582000,0.139902,6566200,0.001957,13641400,NA,NA,NA,NA
2017-03-16,1187.81,20293700000,46.35,3174750000,4.24,208204000,0.131867,6438650,0.00197,13580400,NA,NA,NA,NA
2017-03-15,1249.61,20110400000,35.06,2571160000,4.16,203099000,0.128653,6684950,0.001953,13401600,NA,NA,NA,NA
2017-03-14,1240,19978200000,28.65,2563700000,4.06,209412000,0.133681,6849300,0.001918,13732800,NA,NA,NA,NA
2017-03-13,1231.92,19807700000,28.59,2108300000,4.17,192979000,0.136979,7039950,0.001965,12990500,NA,NA,NA,NA
2017-03-12,1221.38,19073300000,23.44,1924660000,3.84,189874000,0.140575,7110850,0.001847,12548100,NA,NA,NA,NA
2017-03-11,1175.83,18093700000,21.47,1736630000,3.8,188428000,0.142142,6570150,0.001788,12106000,NA,NA,NA,NA
2017-03-10,1116.72,19275300000,19.33,1589640000,3.75,191858000,0.131476,6605350,0.001733,12464400,NA,NA,NA,NA
2017-03-09,1188.49,18640900000,17.75,1490500000,3.84,188704000,0.132026,5813300,0.00179,12880500,NA,NA,NA,NA
2017-03-08,1150,19819800000,16.65,1690760000,3.78,190712000,0.116242,6130100,0.001835,14024100,NA,NA,NA,NA
2017-03-07,1223.54,20627100000,18.89,1752530000,3.82,194991000,0.122573,6172950,0.002011,13883900,NA,NA,NA,NA
2017-03-06,1272.83,20531900000,19.61,1725360000,3.92,193846000,0.12345,6089100,0.001876,12099700,NA,NA,NA,NA
2017-03-05,1267.12,20316000000,19.3,1655030000,3.9,193336000,0.121757,5991050,0.001738,12190200,NA,NA,NA,NA
2017-03-04,1255.15,20688800000,18.62,1745140000,3.88,195730000,0.119901,6130100,0.001753,12401900,NA,NA,NA,NA
2017-03-03,1274.99,20253700000,19.46,1702140000,3.92,196144000,0.122444,5963600,0.001763,12478800,NA,NA,NA,NA
2017-03-02,1251.01,19829800000,19.03,1550750000,3.92,189785000,0.119301,6770400,0.001787,12094900,NA,NA,NA,NA
2017-03-01,1222.5,19104800000,17.35,1415510000,3.8,188623000,0.135197,5872750,0.001724,12872900,NA,NA,NA,NA
2017-02-28,1179.97,19113600000,15.82,1379600000,3.77,190098000,0.117443,5772100,0.001843,12408500,NA,NA,NA,NA
2017-02-27,1179.97,18837300000,15.4,1294770000,3.8,190522000,0.115376,5761700,0.001774,13135300,NA,NA,NA,NA
2017-02-26,1165.2,18518900000,14.52,1206150000,3.83,190585000,0.114986,5727650,0.001875,13139300,NA,NA,NA,NA
2017-02-25,1143.84,18939500000,13.55,1165230000,3.83,192344000,0.114526,6043200,0.001881,13144800,NA,NA,NA,NA
2017-02-24,1173.68,18974400000,13.07,1171110000,3.85,191226000,0.121185,5962150,0.001885,13485100,NA,NA,NA,NA
2017-02-23,1166.72,18075200000,13.12,1122910000,3.84,189631000,0.118724,6097900,0.001927,14114800,NA,NA,NA,NA
2017-02-22,1117.44,18033400000,12.6,1130460000,3.81,188961000,0.121959,6225750,0.002008,14033800,NA,NA,NA,NA
2017-02-21,1115.3,17456900000,12.67,1099330000,3.78,187718000,0.121561,6070000,0.001997,14285900,NA,NA,NA,NA
2017-02-20,1079.98,16960200000,12.43,1136610000,3.77,187912000,0.121475,6150050,0.002052,14122700,NA,NA,NA,NA
2017-02-19,1047.87,17056600000,12.76,1140870000,3.76,189049000,0.122905,6226100,0.002014,14126400,NA,NA,NA,NA
2017-02-18,1054.42,16964800000,12.81,1130750000,3.79,190755000,0.124431,6145050,0.002021,14627300,NA,NA,NA,NA
